,MJD,filter,unforced_mag,unforced_mag_error,unforced_mag_status,forced_ujy,forced_ujy_error
0,59629.348438,r,19.403,0.129,positive,,
4,59624.3864,r,18.743,0.099,positive,,
5,59622.527361,r,18.696,0.08,positive,,
7,59550.510023,r,18.085,0.063,positive,,
10,59532.450336,r,18.189,0.059,positive,,
12,59530.453507,r,18.081,0.121,positive,,
14,59525.515104,r,18.191,0.062,positive,,
17,59523.507025,r,18.159,0.056,positive,,
19,59517.547477,r,18.252,0.077,positive,,
